i_profissional,celular,cidade,cpf,cro,email,endereco,nome,rg,sexo,telefone,uf
"538517",,,,,"pena.igor@gmail.com",,"",,,,
"544952","27995113407",,"10485351773","ES 5765","angelicadrago@gmail.com",,"Angelica Drago Marchesi Pimentel",,"F","27996500172",
"541806",,,,,"angelicadrago@hotmail.com",,"",,,,
"501434",,,"12436524700","6078","dr.igorandrade@gmail.com",,"Igor Pena Andrade ",,"M",,
"529707","27998717771",,"10554635771",,"pricarvalhal@hotmail.com",,"Priscilla Carvalhal de Oliveira",,,,
"543804","27999681400",,"11118508793",,"mateustisco@gmail.com",,"Mateus Santos Fernandes",,,,
"544812","27988382801",,"11878707736","6080","josecdavid28@hotmail.com",,"José Carlos David Jr",,"M",,
